participant_id,date,target,y_true,y_pred,status
synth_0118,2024-01-07,cycle_phase,ovulatory,menstrual,inferred
synth_0118,2024-01-08,cycle_phase,luteal,luteal,inferred
synth_0118,2024-01-09,cycle_phase,luteal,luteal,inferred
synth_0118,2024-01-10,cycle_phase,luteal,follicular,inferred
synth_0118,2024-01-11,cycle_phase,luteal,luteal,inferred
synth_0118,2024-01-12,cycle_phase,luteal,follicular,inferred
synth_0118,2024-01-13,cycle_phase,luteal,luteal,inferred
synth_0118,2024-01-14,cycle_phase,luteal,follicular,inferred
synth_0118,2024-01-15,cycle_phase,luteal,luteal,inferred
synth_0118,2024-01-16,cycle_phase,luteal,luteal,inferred
synth_0118,2024-01-17,cycle_phase,luteal,luteal,inferred
synth_0118,2024-01-18,cycle_phase,luteal,luteal,inferred
synth_0118,2024-01-19,cycle_phase,menstrual,luteal,inferred
synth_0118,2024-01-20,cycle_phase,menstrual,luteal,inferred
synth_0118,2024-01-21,cycle_phase,menstrual,menstrual,inferred
synth_0118,2024-01-22,cycle_phase,menstrual,menstrual,inferred
synth_0118,2024-01-23,cycle_phase,menstrual,menstrual,inferred
synth_0118,2024-01-24,cycle_phase,menstrual,menstrual,inferred
synth_0118,2024-01-25,cycle_phase,follicular,follicular,inferred
synth_0118,2024-01-26,cycle_phase,follicular,follicular,inferred
synth_0118,2024-01-27,cycle_phase,follicular,follicular,inferred
synth_0118,2024-01-28,cycle_phase,follicular,follicular,inferred
synth_0118,2024-01-29,cycle_phase,follicular,follicular,inferred
synth_0118,2024-01-30,cycle_phase,follicular,follicular,inferred
synth_0118,2024-01-31,cycle_phase,follicular,luteal,inferred
synth_0118,2024-02-01,cycle_phase,follicular,luteal,inferred
synth_0118,2024-02-02,cycle_phase,ovulatory,luteal,inferred
synth_0118,2024-02-03,cycle_phase,ovulatory,luteal,inferred
synth_0118,2024-02-04,cycle_phase,ovulatory,luteal,inferred
synth_0118,2024-02-05,cycle_phase,ovulatory,luteal,inferred
synth_0118,2024-02-06,cycle_phase,luteal,luteal,inferred
synth_0118,2024-02-07,cycle_phase,luteal,luteal,inferred
synth_0118,2024-02-08,cycle_phase,luteal,luteal,inferred
synth_0118,2024-02-09,cycle_phase,luteal,luteal,inferred
synth_0118,2024-02-10,cycle_phase,luteal,luteal,inferred
synth_0118,2024-02-11,cycle_phase,luteal,luteal,inferred
synth_0118,2024-02-12,cycle_phase,luteal,luteal,inferred
synth_0118,2024-02-13,cycle_phase,luteal,luteal,inferred
synth_0118,2024-02-14,cycle_phase,luteal,luteal,inferred
synth_0118,2024-02-15,cycle_phase,luteal,luteal,inferred
synth_0118,2024-02-16,cycle_phase,luteal,luteal,inferred
synth_0118,2024-02-17,cycle_phase,luteal,menstrual,inferred
synth_0118,2024-02-18,cycle_phase,luteal,luteal,inferred
synth_0118,2024-02-19,cycle_phase,luteal,luteal,inferred
synth_0118,2024-02-20,cycle_phase,menstrual,luteal,inferred
synth_0118,2024-02-21,cycle_phase,menstrual,luteal,inferred
synth_0118,2024-02-22,cycle_phase,menstrual,menstrual,inferred
synth_0118,2024-02-23,cycle_phase,menstrual,menstrual,inferred
synth_0118,2024-02-24,cycle_phase,menstrual,menstrual,inferred
synth_0118,2024-02-25,cycle_phase,follicular,menstrual,inferred
synth_0118,2024-02-26,cycle_phase,follicular,luteal,inferred
synth_0118,2024-02-27,cycle_phase,follicular,follicular,inferred
synth_0118,2024-02-28,cycle_phase,follicular,follicular,inferred
synth_0118,2024-02-29,cycle_phase,follicular,follicular,inferred
